x0001,y0001
2470000.,0.
2470001.00050025,0.
2470002.0010005003,0.
2470003.0015007504,0.
2470004.0020010006,0.
2470005.0025012507,0.
2470006.003001501,0.
2470007.003501751,0.
2470008.004002001,0.
2470009.0045022513,0.
2470010.0050025014,0.
2470011.0055027516,0.
2470012.0060030017,0.
2470013.006503252,0.
2470014.0070035015,0.
2470015.0075037517,0.
2470016.008004002,0.
2470017.008504252,0.
2470018.009004502,0.
2470019.0095047522,0.
2470020.0100050024,0.
2470021.0105052525,0.
2470022.0110055027,0.
2470023.011505753,0.
2470024.012006003,0.
2470025.012506253,0.
2470026.013006503,0.
2470027.0135067534,0.
2470028.0140070035,0.
2470029.0145072537,0.
2470030.015007504,0.
2470031.015507754,0.
2470032.016008004,0.
2470033.016508254,0.
2470034.0170085044,0.
2470035.0175087545,0.
2470036.0180090046,0.
2470037.018509255,0.
2470038.019009505,0.
2470039.019509755,0.
2470040.020010005,0.
2470041.0205102554,0.
2470042.021010505,0.
2470043.021510755,0.
2470044.0220110053,0.
2470045.0225112555,0.
2470046.0230115056,0.
2470047.0235117557,0.
2470048.024012006,0.
2470049.024512256,0.
2470050.025012506,0.
2470051.0255127563,0.
2470052.0260130065,0.
2470053.0265132566,0.
2470054.0270135067,0.
2470055.027513757,0.
2470056.028014007,0.
2470057.028514257,0.
2470058.0290145073,0.
2470059.0295147575,0.
2470060.0300150076,0.
2470061.0305152577,0.
2470062.031015508,0.
2470063.031515758,0.
2470064.032016008,0.
2470065.0325162583,0.
2470066.0330165084,0.
2470067.0335167586,0.
2470068.0340170087,0.
2470069.0345172584,0.
2470070.0350175085,0.
2470071.0355177587,0.
2470072.036018009,0.
2470073.036518259,0.
2470074.037018509,0.
2470075.0375187593,0.
2470076.0380190094,0.
2470077.0385192595,0.
2470078.0390195097,0.
2470079.03951976,0.
2470080.04002001,0.
2470081.04052026,0.
2470082.0410205103,0.
2470083.0415207604,0.
2470084.0420210105,0.
2470085.0425212607,0.
2470086.043021511,0.
2470087.043521761,0.
2470088.044022011,0.
2470089.0445222612,0.
2470090.0450225114,0.
2470091.0455227615,0.
2470092.0460230117,0.
2470093.046523262,0.
2470094.047023512,0.
2470095.047523762,0.
2470096.048024012,0.
2470097.048524262,0.
2470098.049024512,0.
2470099.049524762,0.
2470100.0500250123,0.
2470101.0505252625,0.
2470102.0510255126,0.
2470103.051525763,0.
2470104.052026013,0.
2470105.052526263,0.
2470106.053026513,0.
2470107.0535267633,0.
2470108.0540270135,0.
2470109.0545272636,0.
2470110.0550275138,0.
2470111.055527764,0.
2470112.056028014,0.
2470113.056528264,0.
2470114.0570285143,0.
2470115.0575287645,0.
2470116.0580290146,0.
2470117.0585292648,0.
2470118.059029515,0.
2470119.059529765,0.
2470120.060030015,0.
2470121.0605302653,0.
2470122.0610305155,0.
2470123.0615307656,0.
2470124.0620310153,0.
2470125.0625312654,0.
2470126.0630315156,0.
2470127.0635317657,0.
2470128.064032016,0.
2470129.064532266,0.
2470130.065032516,0.
2470131.0655327663,0.
2470132.0660330164,0.
2470133.0665332666,0.
2470134.0670335167,0.
2470135.067533767,0.
2470136.068034017,0.
2470137.068534267,0.
2470138.0690345173,0.
2470139.0695347674,0.
2470140.0700350176,0.
2470141.0705352677,0.
2470142.071035518,0.
2470143.071535768,0.
2470144.072036018,0.
2470145.0725362683,0.
2470146.0730365184,0.
2470147.0735367686,0.
2470148.0740370187,0.
2470149.074537269,0.
2470150.075037519,0.
2470151.0755377687,0.
2470152.076038019,0.
2470153.076538269,0.
2470154.077038519,0.
2470155.077538769,0.
2470156.0780390194,0.
2470157.0785392695,0.
2470158.0790395197,0.
2470159.07953977,0.
2470160.08004002,0.
2470161.08054027,0.
2470162.08104052,0.
2470163.0815407704,0.
2470164.0820410205,0.
2470165.0825412706,0.
2470166.083041521,0.
2470167.083541771,0.
2470168.084042021,0.
2470169.084542271,0.
2470170.0850425214,0.
2470171.0855427715,0.
2470172.0860430216,0.
2470173.086543272,0.
2470174.087043522,0.
2470175.087543772,0.
2470176.088044022,0.
2470177.0885442724,0.
2470178.089044522,0.
2470179.089544772,0.
2470180.0900450223,0.
2470181.0905452725,0.
2470182.0910455226,0.
2470183.0915457727,0.
2470184.092046023,0.
2470185.092546273,0.
2470186.093046523,0.
2470187.0935467733,0.
2470188.0940470234,0.
2470189.0945472736,0.
2470190.0950475237,0.
2470191.095547774,0.
2470192.096048024,0.
2470193.096548274,0.
2470194.0970485243,0.
2470195.0975487744,0.
2470196.0980490246,0.
2470197.0985492747,0.
2470198.099049525,0.
2470199.099549775,0.
2470200.100050025,0.
2470201.1005502753,0.
2470202.1010505254,0.
2470203.1015507756,0.
2470204.1020510257,0.
2470205.102551276,0.
2470206.1030515255,0.
2470207.1035517757,0.
2470208.104052026,0.
2470209.104552276,0.
2470210.105052526,0.
2470211.1055527763,0.
2470212.1060530264,0.
2470213.1065532765,0.
2470214.1070535267,0.
2470215.107553777,0.
2470216.108054027,0.
2470217.108554277,0.
2470218.1090545272,0.
2470219.1095547774,0.
2470220.1100550275,0.
2470221.1105552777,0.
2470222.111055528,0.
2470223.111555778,0.
2470224.112056028,0.
2470225.1125562782,0.
2470226.1130565284,0.
2470227.1135567785,0.
2470228.1140570287,0.
2470229.114557279,0.
2470230.115057529,0.
2470231.115557779,0.
2470232.1160580292,0.
2470233.116558279,0.
2470234.117058529,0.
2470235.117558779,0.
2470236.1180590293,0.
2470237.1185592795,0.
2470238.1190595296,0.
2470239.1195597798,0.
2470240.12006003,0.
2470241.12056028,0.
2470242.12106053,0.
2470243.1215607803,0.
2470244.1220610305,0.
2470245.1225612806,0.
2470246.1230615308,0.
2470247.123561781,0.
2470248.124062031,0.
2470249.124562281,0.
2470250.1250625313,0.
2470251.1255627815,0.
2470252.1260630316,0.
2470253.1265632818,0.
2470254.127063532,0.
2470255.127563782,0.
2470256.128064032,0.
2470257.1285642823,0.
2470258.1290645325,0.
2470259.1295647826,0.
2470260.1300650327,0.
2470261.1305652824,0.
2470262.1310655326,0.
2470263.1315657827,0.
2470264.132066033,0.
2470265.132566283,0.
2470266.133066533,0.
2470267.1335667833,0.
2470268.1340670334,0.
2470269.1345672836,0.
2470270.1350675337,0.
2470271.135567784,0.
2470272.136068034,0.
2470273.136568284,0.
2470274.1370685343,0.
2470275.1375687844,0.
2470276.1380690346,0.
2470277.1385692847,0.
2470278.139069535,0.
2470279.139569785,0.
2470280.140070035,0.
2470281.1405702853,0.
2470282.1410705354,0.
2470283.1415707855,0.
2470284.1420710357,0.
2470285.142571286,0.
2470286.143071536,0.
2470287.143571786,0.
2470288.144072036,0.
2470289.144572286,0.
2470290.145072536,0.
2470291.145572786,0.
2470292.1460730364,0.
2470293.1465732865,0.
2470294.1470735366,0.
2470295.147573787,0.
2470296.148074037,0.
2470297.148574287,0.
2470298.149074537,0.
2470299.1495747874,0.
2470300.1500750375,0.
2470301.1505752876,0.
2470302.151075538,0.
2470303.151575788,0.
2470304.152076038,0.
2470305.152576288,0.
2470306.1530765384,0.
2470307.1535767885,0.
2470308.1540770386,0.
2470309.154577289,0.
2470310.155077539,0.
2470311.155577789,0.
2470312.156078039,0.
2470313.1565782893,0.
2470314.1570785395,0.
2470315.157578789,0.
2470316.1580790393,0.
2470317.1585792894,0.
2470318.1590795396,0.
2470319.1595797897,0.
2470320.16008004,0.
2470321.16058029,0.
2470322.16108054,0.
2470323.1615807903,0.
2470324.1620810404,0.
2470325.1625812906,0.
2470326.1630815407,0.
2470327.163581791,0.
2470328.164082041,0.
2470329.164582291,0.
2470330.1650825413,0.
2470331.1655827914,0.
2470332.1660830416,0.
2470333.1665832917,0.
2470334.167083542,0.
2470335.167583792,0.
2470336.168084042,0.
2470337.1685842923,0.
2470338.1690845424,0.
2470339.1695847926,0.
2470340.1700850427,0.
2470341.170585293,0.
2470342.171085543,0.
2470343.1715857927,0.
2470344.172086043,0.
2470345.172586293,0.
2470346.173086543,0.
2470347.1735867932,0.
2470348.1740870434,0.
2470349.1745872935,0.
2470350.1750875437,0.
2470351.175587794,0.
2470352.176088044,0.
2470353.176588294,0.
2470354.1770885442,0.
2470355.1775887944,0.
2470356.1780890445,0.
2470357.1785892947,0.
2470358.179089545,0.
2470359.179589795,0.
2470360.180090045,0.
2470361.1805902952,0.
2470362.1810905454,0.
2470363.1815907955,0.
2470364.1820910457,0.
2470365.182591296,0.
2470366.183091546,0.
2470367.183591796,0.
2470368.184092046,0.
2470369.1845922964,0.
2470370.185092546,0.
2470371.185592796,0.
2470372.1860930463,0.
2470373.1865932965,0.
2470374.1870935466,0.
2470375.1875937968,0.
2470376.188094047,0.
2470377.188594297,0.
2470378.189094547,0.
2470379.1895947973,0.
2470380.1900950475,0.
2470381.1905952976,0.
2470382.1910955478,0.
2470383.191595798,0.
2470384.192096048,0.
2470385.192596298,0.
2470386.1930965483,0.
2470387.1935967985,0.
2470388.1940970486,0.
2470389.1945972987,0.
2470390.195097549,0.
2470391.195597799,0.
2470392.196098049,0.
2470393.1965982993,0.
2470394.1970985495,0.
2470395.1975987996,0.
2470396.1980990497,0.
2470397.1985993,0.
2470398.1990995496,0.
2470399.1995997997,0.
2470400.20010005,0.
2470401.2006003,0.
2470402.20110055,0.
2470403.2016008003,0.
2470404.2021010504,0.
2470405.2026013006,0.
2470406.2031015507,0.
2470407.203601801,0.
2470408.204102051,0.
2470409.204602301,0.
2470410.2051025513,0.
2470411.2056028014,0.
2470412.2061030515,0.
2470413.2066033017,0.
2470414.207103552,0.
2470415.207603802,0.
2470416.208104052,0.
2470417.2086043023,0.
2470418.2091045524,0.
2470419.2096048025,0.
2470420.2101050527,0.
2470421.210605303,0.
2470422.211105553,0.
2470423.211605803,0.
2470424.2121060533,0.
2470425.212606303,0.
2470426.213106553,0.
2470427.213606803,0.
2470428.2141070534,0.
2470429.2146073035,0.
2470430.2151075536,0.
2470431.215607804,0.
2470432.216108054,0.
2470433.216608304,0.
2470434.217108554,0.
2470435.2176088043,0.
2470436.2181090545,0.
2470437.2186093046,0.
2470438.219109555,0.
2470439.219609805,0.
2470440.220110055,0.
2470441.220610305,0.
2470442.2211105553,0.
2470443.2216108055,0.
2470444.2221110556,0.
2470445.222611306,0.
2470446.223111556,0.
2470447.223611806,0.
2470448.224112056,0.
2470449.2246123063,0.
2470450.2251125565,0.
2470451.2256128066,0.
2470452.2261130563,0.
2470453.2266133064,0.
2470454.2271135566,0.
2470455.2276138067,0.
2470456.228114057,0.
2470457.228614307,0.
2470458.229114557,0.
2470459.2296148073,0.
2470460.2301150574,0.
2470461.2306153076,0.
2470462.2311155577,0.
2470463.231615808,0.
2470464.232116058,0.
2470465.232616308,0.
2470466.2331165583,0.
2470467.2336168084,0.
2470468.2341170586,0.
2470469.2346173087,0.
2470470.235117559,0.
2470471.235617809,0.
2470472.236118059,0.
2470473.2366183093,0.
2470474.2371185594,0.
2470475.2376188096,0.
2470476.2381190597,0.
2470477.23861931,0.
2470478.23911956,0.
2470479.23961981,0.
2470480.24012006,0.
2470481.24062031,0.
2470482.24112056,0.
2470483.2416208102,0.
2470484.2421210604,0.
2470485.2426213105,0.
2470486.2431215607,0.
2470487.243621811,0.
2470488.244122061,0.
2470489.244622311,0.
2470490.245122561,0.
2470491.2456228114,0.
2470492.2461230615,0.
2470493.2466233117,0.
2470494.247123562,0.
2470495.247623812,0.
2470496.248124062,0.
2470497.248624312,0.
2470498.2491245624,0.
2470499.2496248125,0.
2470500.2501250627,0.
2470501.250625313,0.
2470502.251125563,0.
2470503.251625813,0.
2470504.252126063,0.
2470505.2526263134,0.
2470506.2531265635,0.
2470507.253626813,0.
2470508.2541270633,0.
2470509.2546273135,0.
2470510.2551275636,0.
2470511.2556278137,0.
2470512.256128064,0.
2470513.256628314,0.
2470514.257128564,0.
2470515.2576288143,0.
2470516.2581290645,0.
2470517.2586293146,0.
2470518.2591295647,0.
2470519.259629815,0.
2470520.260130065,0.
2470521.260630315,0.
2470522.2611305653,0.
2470523.2616308155,0.
2470524.2621310656,0.
2470525.2626313157,0.
2470526.263131566,0.
2470527.263631816,0.
2470528.264132066,0.
2470529.2646323163,0.
2470530.2651325664,0.
2470531.2656328166,0.
2470532.2661330667,0.
2470533.266633317,0.
2470534.2671335666,0.
2470535.2676338167,0.
2470536.268134067,0.
2470537.268634317,0.
2470538.269134567,0.
2470539.2696348173,0.
2470540.2701350674,0.
2470541.2706353175,0.
2470542.2711355677,0.
2470543.271635818,0.
2470544.272136068,0.
2470545.272636318,0.
2470546.2731365683,0.
2470547.2736368184,0.
2470548.2741370685,0.
2470549.2746373187,0.
2470550.275137569,0.
2470551.275637819,0.
2470552.276138069,0.
2470553.2766383193,0.
2470554.2771385694,0.
2470555.2776388195,0.
2470556.2781390697,0.
2470557.27863932,0.
2470558.27913957,0.
2470559.27963982,0.
2470560.2801400702,0.
2470561.2806403204,0.
2470562.28114057,0.
2470563.28164082,0.
2470564.2821410703,0.
2470565.2826413205,0.
2470566.2831415706,0.
2470567.283641821,0.
2470568.284142071,0.
2470569.284642321,0.
2470570.285142571,0.
2470571.2856428213,0.
2470572.2861430715,0.
2470573.2866433216,0.
2470574.287143572,0.
2470575.287643822,0.
2470576.288144072,0.
2470577.288644322,0.
2470578.2891445723,0.
2470579.2896448225,0.
2470580.2901450726,0.
2470581.2906453228,0.
2470582.291145573,0.
2470583.291645823,0.
2470584.292146073,0.
2470585.2926463233,0.
2470586.2931465735,0.
2470587.2936468236,0.
2470588.2941470738,0.
2470589.2946473234,0.
2470590.2951475736,0.
2470591.2956478237,0.
2470592.296148074,0.
2470593.296648324,0.
2470594.297148574,0.
2470595.2976488243,0.
2470596.2981490744,0.
2470597.2986493246,0.
2470598.2991495747,0.
2470599.299649825,0.
2470600.300150075,0.
2470601.300650325,0.
2470602.3011505753,0.
2470603.3016508254,0.
2470604.3021510756,0.
2470605.3026513257,0.
2470606.303151576,0.
2470607.303651826,0.
2470608.304152076,0.
2470609.3046523263,0.
2470610.3051525764,0.
2470611.3056528266,0.
2470612.3061530767,0.
2470613.306653327,0.
2470614.307153577,0.
2470615.307653827,0.
2470616.3081540773,0.
2470617.308654327,0.
2470618.309154577,0.
2470619.309654827,0.
2470620.3101550774,0.
2470621.3106553275,0.
2470622.3111555777,0.
2470623.311655828,0.
2470624.312156078,0.
2470625.312656328,0.
2470626.313156578,0.
2470627.3136568284,0.
2470628.3141570785,0.
2470629.3146573287,0.
2470630.315157579,0.
2470631.315657829,0.
2470632.316158079,0.
2470633.316658329,0.
2470634.3171585794,0.
2470635.3176588295,0.
2470636.3181590796,0.
2470637.31865933,0.
2470638.31915958,0.
2470639.31965983,0.
2470640.32016008,0.
2470641.3206603304,0.
2470642.3211605805,0.
2470643.3216608306,0.
2470644.3221610803,0.
2470645.3226613305,0.
2470646.3231615806,0.
2470647.3236618307,0.
2470648.324162081,0.
2470649.324662331,0.
2470650.325162581,0.
2470651.3256628313,0.
2470652.3261630815,0.
2470653.3266633316,0.
2470654.3271635817,0.
2470655.327663832,0.
2470656.328164082,0.
2470657.328664332,0.
2470658.3291645823,0.
2470659.3296648324,0.
2470660.3301650826,0.
2470661.3306653327,0.
2470662.331165583,0.
2470663.331665833,0.
2470664.332166083,0.
2470665.3326663333,0.
2470666.3331665834,0.
2470667.3336668336,0.
2470668.3341670837,0.
2470669.334667334,0.
2470670.335167584,0.
2470671.3356678337,0.
2470672.336168084,0.
2470673.336668334,0.
2470674.337168584,0.
2470675.3376688343,0.
2470676.3381690844,0.
2470677.3386693345,0.
2470678.3391695847,0.
2470679.339669835,0.
2470680.340170085,0.
2470681.340670335,0.
2470682.3411705852,0.
2470683.3416708354,0.
2470684.3421710855,0.
2470685.3426713357,0.
2470686.343171586,0.
2470687.343671836,0.
2470688.344172086,0.
2470689.3446723362,0.
2470690.3451725864,0.
2470691.3456728365,0.
2470692.3461730867,0.
2470693.346673337,0.
2470694.347173587,0.
2470695.347673837,0.
2470696.3481740872,0.
2470697.3486743374,0.
2470698.3491745875,0.
2470699.349674837,0.
2470700.3501750873,0.
2470701.3506753375,0.
2470702.3511755876,0.
2470703.3516758378,0.
2470704.352176088,0.
2470705.352676338,0.
2470706.353176588,0.
2470707.3536768383,0.
2470708.3541770885,0.
2470709.3546773386,0.
2470710.3551775888,0.
2470711.355677839,0.
2470712.356178089,0.
2470713.356678339,0.
2470714.3571785893,0.
2470715.3576788395,0.
2470716.3581790896,0.
2470717.3586793398,0.
2470718.35917959,0.
2470719.35967984,0.
2470720.36018009,0.
2470721.3606803403,0.
2470722.3611805905,0.
2470723.3616808406,0.
2470724.3621810907,0.
2470725.362681341,0.
2470726.3631815906,0.
2470727.3636818407,0.
2470728.364182091,0.
2470729.364682341,0.
2470730.365182591,0.
2470731.3656828413,0.
2470732.3661830914,0.
2470733.3666833416,0.
2470734.3671835917,0.
2470735.367683842,0.
2470736.368184092,0.
2470737.368684342,0.
2470738.3691845923,0.
2470739.3696848424,0.
2470740.3701850926,0.
2470741.3706853427,0.
2470742.371185593,0.
2470743.371685843,0.
2470744.372186093,0.
2470745.3726863433,0.
2470746.3731865934,0.
2470747.3736868436,0.
2470748.3741870937,0.
2470749.374687344,0.
2470750.375187594,0.
2470751.375687844,0.
2470752.3761880943,0.
2470753.3766883444,0.
2470754.377188594,0.
2470755.377688844,0.
2470756.3781890944,0.
2470757.3786893445,0.
2470758.3791895946,0.
2470759.379689845,0.
2470760.380190095,0.
2470761.380690345,0.
2470762.381190595,0.
2470763.3816908454,0.
2470764.3821910955,0.
2470765.3826913456,-0.036608
2470766.383191596,0.
2470767.383691846,0.002288
2470768.384192096,-0.016016
2470769.384692346,-0.002288
2470770.3851925964,-0.075504
2470771.3856928465,0.050336
2470772.3861930966,-0.01144
2470773.386693347,-0.04576
2470774.387193597,0.02288
2470775.387693847,-0.04576
2470776.388194097,0.025168
2470777.3886943473,0.02288
2470778.3891945975,-0.027456
2470779.3896948476,-0.04576
2470780.390195098,-0.041184
2470781.3906953475,0.013728
2470782.3911955976,-0.01144
2470783.3916958477,-0.009152
2470784.392196098,0.006864
2470785.392696348,0.004576
2470786.393196598,-0.018304
2470787.3936968483,-0.04576
2470788.3941970984,-0.043472
2470789.3946973486,-0.013728
2470790.3951975987,0.002288
2470791.395697849,0.038896
2470792.396198099,-0.029744
2470793.396698349,-0.02288
2470794.3971985993,-0.038896
2470795.3976988494,0.032032
2470796.3981990996,-0.020592
2470797.3986993497,-0.01144
2470798.3991996,0.01144
2470799.39969985,0.01144
2470800.4002001,-0.050336
2470801.4007003503,-0.043472
2470802.4012006004,-0.06864
2470803.4017008506,-0.029744
2470804.4022011007,-0.01144
2470805.402701351,0.02288
2470806.403201601,-0.004576
2470807.403701851,-0.03432
2470808.404202101,-0.013728
2470809.404702351,-0.016016
2470810.405202601,-0.020592
2470811.4057028512,0.032032
2470812.4062031014,-0.006864
2470813.4067033515,-0.004576
2470814.4072036017,-0.036608
2470815.407703852,-0.01144
2470816.408204102,-0.032032
2470817.408704352,-0.03432
2470818.4092046022,-0.029744
2470819.4097048524,-0.004576
2470820.4102051025,-0.059488
2470821.4107053527,-0.016016
2470822.411205603,-0.050336
2470823.411705853,0.01144
2470824.412206103,0.01144
2470825.4127063532,-0.02288
2470826.4132066034,-0.013728
2470827.4137068535,-0.02288
2470828.4142071037,-0.020592
2470829.414707354,-0.004576
2470830.415207604,-0.059488
2470831.415707854,-0.009152
2470832.416208104,-0.052624
2470833.4167083544,0.016016
2470834.4172086045,-0.020592
2470835.4177088547,-0.020592
2470836.4182091043,-0.03432
2470837.4187093545,-0.004576
2470838.4192096046,-0.01144
2470839.4197098548,0.029744
2470840.420210105,-0.02288
2470841.420710355,-0.032032
2470842.421210605,0.013728
2470843.4217108553,-0.013728
2470844.4222111055,-0.002288
2470845.4227113556,-0.041184
2470846.4232116058,-0.050336
2470847.423711856,-0.027456
2470848.424212106,0.020592
2470849.424712356,0.002288
2470850.4252126063,-0.013728
2470851.4257128565,-0.029744
2470852.4262131066,-0.013728
2470853.4267133567,0.004576
2470854.427213607,-0.038896
2470855.427713857,-0.032032
2470856.428214107,-0.027456
2470857.4287143573,-0.027456
2470858.4292146075,-0.050336
2470859.4297148576,0.048048
2470860.4302151077,-0.070928
2470861.430715358,0.013728
2470862.431215608,-0.036608
2470863.4317158577,0.006864
2470864.432216108,-0.02288
2470865.432716358,0.016016
2470866.433216608,-0.025168
2470867.4337168583,0.009152
2470868.4342171084,-0.041184
2470869.4347173586,-0.002288
2470870.4352176087,0.02288
2470871.435717859,0.002288
2470872.436218109,-0.027456
2470873.436718359,0.006864
2470874.4372186093,0.01144
2470875.4377188594,-0.02288
2470876.4382191096,-0.04576
2470877.4387193597,-0.018304
2470878.43921961,-0.018304
2470879.43971986,0.016016
2470880.44022011,0.002288
2470881.4407203603,-0.02288
2470882.4412206104,-0.054912
2470883.4417208605,-0.070928
2470884.4422211107,0.01144
2470885.442721361,-0.020592
2470886.443221611,-0.006864
2470887.443721861,0.029744
2470888.4442221113,-0.016016
2470889.4447223614,0.02288
2470890.445222611,-0.032032
2470891.445722861,-0.006864
2470892.4462231114,-0.01144
2470893.4467233615,-0.06864
2470894.4472236116,-0.073216
2470895.447723862,-0.052624
2470896.448224112,-0.020592
2470897.448724362,-0.070928
2470898.449224612,0.009152
2470899.4497248624,-0.01144
2470900.4502251125,-0.004576
2470901.4507253626,-0.002288
2470902.451225613,0.032032
2470903.451725863,-0.002288
2470904.452226113,-0.038896
2470905.452726363,0.009152
2470906.4532266133,0.01144
2470907.4537268635,-0.0572
2470908.4542271136,0.01144
2470909.454727364,-0.02288
2470910.455227614,0.006864
2470911.455727864,-0.032032
2470912.456228114,0.002288
2470913.4567283643,-0.052624
2470914.4572286145,0.009152
2470915.4577288646,-0.041184
2470916.4582291148,0.01144
2470917.458729365,-0.027456
2470918.4592296146,-0.020592
2470919.4597298647,-0.066352
2470920.460230115,-0.027456
2470921.460730365,-0.054912
2470922.461230615,0.002288
2470923.4617308653,-0.054912
2470924.4622311154,-0.032032
2470925.4627313656,-0.009152
2470926.4632316157,-0.043472
2470927.463731866,-0.04576
2470928.464232116,-0.112112
2470929.464732366,0.041184
2470930.4652326163,-0.013728
2470931.4657328664,-0.004576
2470932.4662331166,-0.016016
2470933.4667333667,-0.043472
2470934.467233617,-0.038896
2470935.467733867,-0.018304
2470936.468234117,-0.036608
2470937.4687343673,-0.020592
2470938.4692346174,-0.004576
2470939.4697348676,-0.070928
2470940.4702351177,-0.036608
2470941.470735368,-0.032032
2470942.471235618,-0.036608
2470943.471735868,-0.02288
2470944.4722361183,-0.02288
2470945.472736368,-0.04576
2470946.473236618,0.
2470947.4737368682,-0.059488
2470948.4742371184,-0.0572
2470949.4747373685,0.009152
2470950.4752376187,-0.025168
2470951.475737869,-0.027456
2470952.476238119,-0.0572
2470953.476738369,0.02288
2470954.4772386192,0.020592
2470955.4777388694,0.002288
2470956.4782391195,-0.029744
2470957.4787393697,0.
2470958.47923962,0.038896
2470959.47973987,-0.006864
2470960.48024012,-0.0572
2470961.48074037,-0.03432
2470962.4812406204,0.029744
2470963.4817408705,-0.004576
2470964.4822411207,-0.032032
2470965.482741371,-0.018304
2470966.483241621,-0.009152
2470967.483741871,-0.050336
2470968.484242121,-0.009152
2470969.4847423714,0.025168
2470970.4852426215,-0.03432
2470971.4857428716,-0.013728
2470972.486243122,-0.03432
2470973.4867433715,0.041184
2470974.4872436216,-0.004576
2470975.4877438718,-0.01144
2470976.488244122,-0.036608
2470977.488744372,-0.06864
2470978.489244622,-0.032032
2470979.4897448723,-0.036608
2470980.4902451225,-0.025168
2470981.4907453726,-0.009152
2470982.4912456227,0.01144
2470983.491745873,0.01144
2470984.492246123,-0.029744
2470985.492746373,0.013728
2470986.4932466233,0.002288
2470987.4937468735,-0.059488
2470988.4942471236,-0.032032
2470989.4947473737,-0.002288
2470990.495247624,-0.027456
2470991.495747874,0.009152
2470992.496248124,-0.027456
2470993.4967483743,0.
2470994.4972486245,-0.075504
2470995.4977488746,0.01144
2470996.4982491247,-0.006864
2470997.498749375,-0.029744
2470998.499249625,-0.009152
2470999.499749875,-0.006864
2471000.500250125,0.002288
2471001.500750375,0.04576
2471002.501250625,-0.041184
2471003.5017508753,-0.029744
2471004.5022511254,-0.006864
2471005.5027513755,0.004576
2471006.5032516257,-0.04576
2471007.503751876,-0.020592
2471008.504252126,-0.02288
2471009.504752376,0.016016
2471010.5052526263,-0.013728
2471011.5057528764,-0.043472
2471012.5062531265,-0.027456
2471013.5067533767,0.050336
2471014.507253627,0.
2471015.507753877,0.009152
2471016.508254127,-0.013728
2471017.5087543773,-0.006864
2471018.5092546274,-0.009152
2471019.5097548775,0.025168
2471020.5102551277,-0.038896
2471021.510755378,0.004576
2471022.511255628,-0.027456
2471023.511755878,-0.02288
2471024.5122561282,-0.043472
2471025.5127563784,-0.052624
2471026.5132566285,-0.04576
2471027.513756878,0.013728
2471028.5142571284,0.
2471029.5147573785,0.004576
2471030.5152576286,-0.043472
2471031.515757879,-0.048048
2471032.516258129,-0.006864
2471033.516758379,-0.006864
2471034.517258629,-0.052624
2471035.5177588793,-0.016016
2471036.5182591295,-0.004576
2471037.5187593796,0.006864
2471038.51925963,0.036608
2471039.51975988,-0.006864
2471040.52026013,0.018304
2471041.52076038,0.009152
2471042.5212606303,0.02288
2471043.5217608805,-0.043472
2471044.5222611306,-0.032032
2471045.5227613808,-0.032032
2471046.523261631,-0.036608
2471047.523761881,-0.052624
2471048.524262131,-0.004576
2471049.5247623813,-0.041184
2471050.5252626315,0.002288
2471051.5257628816,-0.048048
2471052.5262631318,-0.02288
2471053.526763382,-0.006864
2471054.527263632,-0.01144
2471055.5277638817,-0.02288
2471056.528264132,0.004576
2471057.528764382,-0.020592
2471058.529264632,-0.006864
2471059.5297648823,0.018304
2471060.5302651324,-0.016016
2471061.5307653826,-0.018304
2471062.5312656327,-0.041184
2471063.531765883,-0.064064
2471064.532266133,-0.009152
2471065.532766383,-0.01144
2471066.5332666333,-0.059488
2471067.5337668834,-0.02288
2471068.5342671336,0.043472
2471069.5347673837,-0.01144
2471070.535267634,-0.036608
2471071.535767884,-0.032032
2471072.536268134,-0.029744
2471073.5367683843,-0.009152
2471074.5372686344,0.02288
2471075.5377688846,-0.009152
2471076.5382691347,0.018304
2471077.538769385,0.02288
2471078.539269635,-0.01144
2471079.539769885,0.006864
2471080.5402701353,-0.038896
2471081.5407703854,-0.020592
2471082.541270635,-0.020592
2471083.5417708852,-0.013728
2471084.5422711354,-0.01144
2471085.5427713855,-0.032032
2471086.5432716357,-0.002288
2471087.543771886,-0.013728
2471088.544272136,-0.048048
2471089.544772386,-0.01144
2471090.545272636,0.009152
2471091.5457728864,-0.018304
2471092.5462731365,-0.043472
2471093.5467733867,-0.018304
2471094.547273637,0.01144
2471095.547773887,-0.029744
2471096.548274137,0.02288
2471097.548774387,-0.006864
2471098.5492746374,-0.084656
2471099.5497748875,0.03432
2471100.5502751376,-0.029744
2471101.550775388,-0.013728
2471102.551275638,-0.002288
2471103.551775888,0.052624
2471104.552276138,-0.038896
2471105.5527763884,-0.018304
2471106.5532766385,-0.002288
2471107.5537768886,-0.02288
2471108.554277139,-0.036608
2471109.554777389,-0.04576
2471110.5552776386,-0.025168
2471111.5557778887,-0.08008
2471112.556278139,0.013728
2471113.556778389,-0.086944
2471114.557278639,-0.02288
2471115.5577788893,-0.052624
2471116.5582791395,0.025168
2471117.5587793896,-0.032032
2471118.5592796397,0.027456
2471119.55977989,-0.016016
2471120.56028014,-0.029744
2471121.56078039,0.013728
2471122.5612806403,-0.029744
2471123.5617808904,-0.073216
2471124.5622811406,0.002288
2471125.5627813907,0.002288
2471126.563281641,0.04576
2471127.563781891,-0.077792
2471128.564282141,-0.01144
2471129.5647823913,0.018304
2471130.5652826414,-0.020592
2471131.5657828916,-0.016016
2471132.5662831417,0.
2471133.566783392,0.02288
2471134.567283642,-0.029744
2471135.567783892,-0.01144
2471136.5682841423,0.013728
2471137.568784392,0.050336
2471138.569284642,-0.020592
2471139.5697848923,0.013728
2471140.5702851424,-0.075504
2471141.5707853925,-0.004576
2471142.5712856427,-0.027456
2471143.571785893,-0.025168
2471144.572286143,-0.018304
2471145.572786393,0.025168
2471146.5732866433,-0.020592
2471147.5737868934,-0.027456
2471148.5742871435,-0.054912
2471149.5747873937,-0.018304
2471150.575287644,0.009152
2471151.575787894,-0.036608
2471152.576288144,-0.006864
2471153.5767883942,-0.061776
2471154.5772886444,-0.013728
2471155.5777888945,-0.036608
2471156.5782891447,-0.027456
2471157.578789395,0.006864
2471158.579289645,0.002288
2471159.579789895,-0.006864
2471160.5802901452,-0.029744
2471161.5807903954,-0.03432
2471162.5812906455,0.004576
2471163.5817908957,-0.038896
2471164.5822911453,-0.016016
2471165.5827913955,0.
2471166.5832916456,-0.025168
2471167.583791896,0.016016
2471168.584292146,-0.038896
2471169.584792396,-0.009152
2471170.585292646,-0.093808
2471171.5857928963,-0.02288
2471172.5862931465,-0.059488
2471173.5867933966,0.029744
2471174.5872936468,-0.038896
2471175.587793897,-0.018304
2471176.588294147,-0.01144
2471177.588794397,-0.002288
2471178.5892946473,-0.013728
2471179.5897948975,-0.025168
2471180.5902951476,-0.075504
2471181.5907953978,0.002288
2471182.591295648,-0.041184
2471183.591795898,0.004576
2471184.592296148,-0.036608
2471185.5927963983,0.002288
2471186.5932966485,-0.048048
2471187.5937968986,-0.002288
2471188.5942971488,0.025168
2471189.594797399,-0.020592
2471190.595297649,-0.038896
2471191.595797899,0.013728
2471192.596298149,-0.025168
2471193.596798399,-0.032032
2471194.597298649,0.016016
2471195.5977988993,-0.032032
2471196.5982991494,-0.009152
2471197.5987993996,-0.038896
2471198.5992996497,-0.01144
2471199.5997999,-0.036608
2471200.60030015,-0.043472
2471201.6008004,-0.018304
2471202.6013006503,-0.036608
2471203.6018009004,-0.004576
2471204.6023011506,-0.009152
2471205.6028014007,-0.070928
2471206.603301651,-0.01144
2471207.603801901,0.038896
2471208.604302151,-0.025168
2471209.6048024013,-0.032032
2471210.6053026514,0.002288
2471211.6058029016,0.009152
2471212.6063031517,-0.013728
2471213.606803402,-0.002288
2471214.607303652,-0.02288
2471215.607803902,-0.02288
2471216.6083041523,-0.027456
2471217.6088044024,0.006864
2471218.6093046525,0.018304
2471219.609804902,0.02288
2471220.6103051524,-0.018304
2471221.6108054025,-0.009152
2471222.6113056527,-0.029744
2471223.611805903,-0.027456
2471224.612306153,-0.064064
2471225.612806403,0.01144
2471226.613306653,0.004576
2471227.6138069034,-0.029744
2471228.6143071535,-0.038896
2471229.6148074036,-0.006864
2471230.615307654,0.006864
2471231.615807904,-0.02288
2471232.616308154,-0.025168
2471233.616808404,-0.01144
2471234.6173086544,-0.020592
2471235.6178089045,-0.018304
2471236.6183091546,-0.016016
2471237.618809405,-0.043472
2471238.619309655,-0.013728
2471239.619809905,-0.006864
2471240.620310155,-0.006864
2471241.6208104054,-0.006864
2471242.6213106555,-0.018304
2471243.6218109056,-0.016016
2471244.622311156,-0.025168
2471245.622811406,-0.016016
2471246.6233116556,-0.002288
2471247.6238119057,0.006864
2471248.624312156,-0.041184
2471249.624812406,-0.02288
2471250.625312656,-0.027456
2471251.6258129063,-0.054912
2471252.6263131564,-0.03432
2471253.6268134066,0.004576
2471254.6273136567,-0.002288
2471255.627813907,-0.01144
2471256.628314157,-0.016016
2471257.628814407,-0.036608
2471258.6293146573,0.009152
2471259.6298149074,-0.032032
2471260.6303151576,-0.006864
2471261.6308154077,-0.041184
2471262.631315658,-0.013728
2471263.631815908,-0.043472
2471264.632316158,0.016016
2471265.6328164083,-0.064064
2471266.6333166584,-0.061776
2471267.6338169086,0.038896
2471268.6343171587,-0.032032
2471269.634817409,0.002288
2471270.635317659,-0.004576
2471271.635817909,-0.013728
2471272.6363181593,-0.020592
2471273.6368184094,-0.038896
2471274.637318659,-0.020592
2471275.6378189093,-0.02288
2471276.6383191594,-0.04576
2471277.6388194095,-0.016016
2471278.6393196597,-0.006864
2471279.63981991,0.
2471280.64032016,0.002288
2471281.64082041,-0.041184
2471282.6413206602,-0.038896
2471283.6418209104,0.036608
2471284.6423211605,-0.050336
2471285.6428214107,-0.04576
2471286.643321661,0.02288
2471287.643821911,-0.01144
2471288.644322161,-0.013728
2471289.6448224112,-0.048048
2471290.6453226614,-0.032032
2471291.6458229115,0.02288
2471292.6463231617,0.036608
2471293.646823412,-0.018304
2471294.647323662,-0.025168
2471295.647823912,-0.029744
2471296.6483241622,-0.013728
2471297.6488244124,-0.018304
2471298.6493246625,-0.098384
2471299.6498249127,-0.048048
2471300.650325163,-0.029744
2471301.6508254125,-0.013728
2471302.6513256626,0.01144
2471303.6518259128,0.032032
2471304.652326163,-0.02288
2471305.652826413,-0.016016
2471306.653326663,0.020592
2471307.6538269133,-0.032032
2471308.6543271635,-0.041184
2471309.6548274136,-0.02288
2471310.6553276638,0.009152
2471311.655827914,-0.016016
2471312.656328164,-0.052624
2471313.656828414,-0.006864
2471314.6573286643,0.032032
2471315.6578289145,-0.009152
2471316.6583291646,-0.0572
2471317.6588294148,0.004576
2471318.659329665,-0.032032
2471319.659829915,0.025168
2471320.660330165,-0.032032
2471321.6608304153,-0.013728
2471322.6613306655,-0.03432
2471323.6618309156,0.013728
2471324.6623311657,-0.01144
2471325.662831416,0.027456
2471326.663331666,-0.013728
2471327.663831916,-0.082368
2471328.6643321663,0.025168
2471329.664832416,-0.036608
2471330.665332666,0.009152
2471331.6658329163,-0.032032
2471332.6663331664,-0.04576
2471333.6668334166,0.006864
2471334.6673336667,-0.032032
2471335.667833917,-0.038896
2471336.668334167,0.009152
2471337.668834417,-0.02288
2471338.6693346673,0.006864
2471339.6698349174,0.025168
2471340.6703351676,-0.006864
2471341.6708354177,-0.03432
2471342.671335668,0.01144
2471343.671835918,0.02288
2471344.672336168,-0.020592
2471345.6728364183,-0.020592
2471346.6733366684,-0.02288
2471347.6738369185,0.004576
2471348.6743371687,-0.032032
2471349.674837419,-0.048048
2471350.675337669,-0.04576
2471351.675837919,0.009152
2471352.6763381693,-0.064064
2471353.6768384194,0.002288
2471354.6773386695,-0.036608
2471355.6778389197,0.002288
2471356.6783391694,0.016016
2471357.6788394195,-0.03432
2471358.6793396696,-0.032032
2471359.67983992,-0.016016
2471360.68034017,0.016016
2471361.68084042,-0.038896
2471362.68134067,-0.070928
2471363.6818409204,-0.006864
2471364.6823411705,0.
2471365.6828414206,-0.02288
2471366.683341671,0.013728
2471367.683841921,0.004576
2471368.684342171,-0.01144
2471369.684842421,0.036608
2471370.6853426713,0.029744
2471371.6858429215,0.002288
2471372.6863431716,-0.002288
2471373.686843422,-0.054912
2471374.687343672,-0.006864
2471375.687843922,-0.04576
2471376.688344172,-0.020592
2471377.6888444223,-0.027456
2471378.6893446725,0.002288
2471379.6898449226,-0.043472
2471380.690345173,0.02288
2471381.690845423,0.002288
2471382.691345673,-0.006864
2471383.6918459227,-0.038896
2471384.692346173,-0.013728
2471385.692846423,-0.043472
2471386.693346673,0.032032
2471387.6938469233,-0.032032
2471388.6943471734,-0.036608
2471389.6948474236,-0.029744
2471390.6953476737,-0.009152
2471391.695847924,-0.066352
2471392.696348174,-0.03432
2471393.696848424,-0.006864
2471394.6973486743,0.018304
2471395.6978489244,-0.01144
2471396.6983491746,-0.013728
2471397.6988494247,0.041184
2471398.699349675,0.004576
2471399.699849925,-0.013728
2471400.700350175,-0.006864
2471401.7008504253,0.009152
2471402.7013506754,-0.016016
2471403.7018509256,-0.016016
2471404.7023511757,-0.050336
2471405.702851426,-0.038896
2471406.703351676,-0.025168
2471407.703851926,-0.048048
2471408.7043521763,-0.036608
2471409.7048524264,0.
2471410.7053526766,-0.04576
2471411.7058529262,-0.043472
2471412.7063531764,-0.054912
2471413.7068534265,-0.002288
2471414.7073536767,-0.032032
2471415.707853927,0.027456
2471416.708354177,-0.03432
2471417.708854427,-0.002288
2471418.7093546772,-0.043472
2471419.7098549274,-0.054912
2471420.7103551775,-0.013728
2471421.7108554277,0.006864
2471422.711355678,-0.043472
2471423.711855928,-0.041184
2471424.712356178,-0.009152
2471425.712856428,-0.054912
2471426.7133566784,-0.01144
2471427.7138569285,-0.038896
2471428.7143571787,-0.016016
2471429.714857429,-0.027456
2471430.715357679,-0.029744
2471431.715857929,-0.016016
2471432.716358179,-0.059488
2471433.7168584294,0.02288
2471434.7173586795,-0.025168
2471435.7178589297,-0.03432
2471436.71835918,-0.002288
2471437.71885943,-0.029744
2471438.7193596796,-0.032032
2471439.7198599298,-0.100672
2471440.72036018,-0.03432
2471441.72086043,-0.041184
2471442.72136068,-0.029744
2471443.7218609303,-0.006864
2471444.7223611805,0.004576
2471445.7228614306,-0.064064
2471446.7233616807,-0.041184
2471447.723861931,-0.04576
2471448.724362181,0.
2471449.724862431,-0.075504
2471450.7253626813,0.018304
2471451.7258629315,-0.002288
2471452.7263631816,-0.038896
2471453.7268634317,-0.052624
2471454.727363682,-0.027456
2471455.727863932,-0.025168
2471456.728364182,-0.032032
2471457.7288644323,-0.01144
2471458.7293646825,0.018304
2471459.7298649326,0.029744
2471460.7303651827,-0.006864
2471461.730865433,-0.038896
2471462.731365683,-0.06864
2471463.731865933,-0.04576
2471464.7323661833,0.025168
2471465.7328664334,-0.025168
2471466.733366683,-0.002288
2471467.7338669333,-0.016016
2471468.7343671834,-0.054912
2471469.7348674336,-0.029744
2471470.7353676837,0.002288
2471471.735867934,0.002288
2471472.736368184,-0.02288
2471473.736868434,-0.01144
2471474.7373686843,0.029744
2471475.7378689344,-0.020592
2471476.7383691845,0.03432
2471477.7388694347,-0.03432
2471478.739369685,-0.020592
2471479.739869935,0.027456
2471480.740370185,-0.01144
2471481.7408704353,-0.036608
2471482.7413706854,-0.041184
2471483.7418709355,0.016016
2471484.7423711857,-0.018304
2471485.742871436,-0.073216
2471486.743371686,-0.059488
2471487.743871936,-0.036608
2471488.7443721863,0.002288
2471489.7448724364,0.013728
2471490.7453726865,-0.02288
2471491.7458729367,-0.03432
2471492.746373187,-0.027456
2471493.7468734365,-0.020592
2471494.7473736866,-0.043472
2471495.747873937,-0.016016
2471496.748374187,-0.04576
2471497.748874437,-0.038896
2471498.749374687,0.004576
2471499.7498749373,-0.029744
2471500.7503751875,-0.032032
2471501.7508754376,0.013728
2471502.751375688,-0.013728
2471503.751875938,-0.020592
2471504.752376188,-0.01144
2471505.752876438,-0.01144
2471506.7533766883,-0.043472
2471507.7538769385,0.009152
2471508.7543771886,-0.041184
2471509.754877439,0.004576
2471510.755377689,-0.041184
2471511.755877939,0.01144
2471512.756378189,-0.018304
2471513.7568784393,0.043472
2471514.7573786895,0.004576
2471515.7578789396,-0.036608
2471516.7583791898,-0.006864
2471517.75887944,-0.018304
2471518.75937969,0.
2471519.75987994,0.002288
2471520.76038019,-0.020592
2471521.76088044,-0.006864
2471522.76138069,-0.002288
2471523.7618809403,0.006864
2471524.7623811904,0.029744
2471525.7628814406,-0.048048
2471526.7633816907,-0.032032
2471527.763881941,0.013728
2471528.764382191,0.029744
2471529.764882441,0.002288
2471530.7653826913,0.004576
2471531.7658829414,-0.016016
2471532.7663831916,0.043472
2471533.7668834417,-0.032032
2471534.767383692,-0.006864
2471535.767883942,-0.02288
2471536.768384192,-0.020592
2471537.7688844423,-0.018304
2471538.7693846924,-0.03432
2471539.7698849426,-0.04576
2471540.7703851927,0.006864
2471541.770885443,-0.002288
2471542.771385693,-0.002288
2471543.771885943,-0.027456
2471544.7723861933,-0.064064
2471545.7728864434,0.052624
2471546.7733866936,-0.032032
2471547.7738869437,-0.064064
2471548.7743871934,0.01144
2471549.7748874435,0.029744
2471550.7753876937,-0.02288
2471551.775887944,-0.050336
2471552.776388194,-0.073216
2471553.776888444,0.002288
2471554.777388694,-0.048048
2471555.7778889444,-0.004576
2471556.7783891945,-0.029744
2471557.7788894447,0.029744
2471558.779389695,-0.01144
2471559.779889945,0.006864
2471560.780390195,-0.025168
2471561.780890445,-0.029744
2471562.7813906954,0.01144
2471563.7818909455,-0.009152
2471564.7823911957,-0.006864
2471565.782891446,0.025168
2471566.783391696,-0.061776
2471567.783891946,-0.029744
2471568.784392196,-0.029744
2471569.7848924464,-0.018304
2471570.7853926965,-0.027456
2471571.7858929466,-0.059488
2471572.786393197,-0.018304
2471573.786893447,-0.032032
2471574.787393697,-0.048048
2471575.7878939467,-0.013728
2471576.788394197,-0.027456
2471577.788894447,-0.050336
2471578.789394697,0.04576
2471579.7898949473,0.032032
2471580.7903951975,-0.048048
2471581.7908954476,0.03432
2471582.7913956977,-0.027456
2471583.791895948,0.018304
2471584.792396198,-0.002288
2471585.792896448,-0.004576
2471586.7933966983,0.018304
2471587.7938969485,0.025168
2471588.7943971986,-0.020592
2471589.7948974487,-0.027456
2471590.795397699,-0.043472
2471591.795897949,-0.01144
2471592.796398199,0.006864
2471593.7968984493,0.004576
2471594.7973986994,0.043472
2471595.7978989496,-0.018304
2471596.7983991997,-0.018304
2471597.79889945,-0.009152
2471598.7993997,-0.048048
2471599.79989995,-0.084656
2471600.8004002003,-0.048048
2471601.8009004504,-0.013728
2471602.8014007,-0.02288
2471603.8019009503,-0.01144
2471604.8024012004,-0.043472
2471605.8029014505,-0.029744
2471606.8034017007,-0.002288
2471607.803901951,0.
2471608.804402201,0.029744
2471609.804902451,-0.004576
2471610.8054027013,-0.02288
2471611.8059029514,-0.06864
2471612.8064032015,-0.016016
2471613.8069034517,-0.032032
2471614.807403702,0.004576
2471615.807903952,-0.013728
2471616.808404202,-0.013728
2471617.8089044522,-0.027456
2471618.8094047024,0.027456
2471619.8099049525,-0.018304
2471620.8104052027,-0.004576
2471621.810905453,0.009152
2471622.811405703,-0.02288
2471623.811905953,-0.016016
2471624.8124062032,-0.043472
2471625.8129064534,-0.002288
2471626.8134067035,-0.052624
2471627.8139069537,-0.050336
2471628.814407204,-0.009152
2471629.814907454,-0.054912
2471630.8154077036,-0.03432
2471631.815907954,0.016016
2471632.816408204,-0.043472
2471633.816908454,-0.04576
2471634.817408704,0.002288
2471635.8179089543,-0.041184
2471636.8184092045,-0.03432
2471637.8189094546,0.020592
2471638.8194097048,-0.041184
2471639.819909955,-0.013728
2471640.820410205,-0.004576
2471641.820910455,-0.052624
2471642.8214107053,0.018304
2471643.8219109555,-0.01144
2471644.8224112056,-0.027456
2471645.8229114558,-0.038896
2471646.823411706,-0.032032
2471647.823911956,-0.032032
2471648.824412206,-0.064064
2471649.8249124563,-0.025168
2471650.8254127065,-0.016016
2471651.8259129566,0.009152
2471652.8264132068,-0.006864
2471653.826913457,-0.038896
2471654.827413707,-0.025168
2471655.827913957,-0.038896
2471656.8284142073,-0.027456
2471657.828914457,0.02288
2471658.829414707,-0.036608
2471659.8299149573,0.041184
2471660.8304152074,-0.002288
2471661.8309154576,-0.006864
2471662.8314157077,0.004576
2471663.831915958,-0.018304
2471664.832416208,-0.006864
2471665.832916458,-0.0572
2471666.8334167083,-0.066352
2471667.8339169584,0.020592
2471668.8344172086,-0.032032
2471669.8349174587,0.002288
2471670.835417709,-0.032032
2471671.835917959,-0.027456
2471672.836418209,-0.009152
2471673.8369184593,-0.002288
2471674.8374187094,0.036608
2471675.8379189596,-0.03432
2471676.8384192097,-0.018304
2471677.83891946,0.009152
2471678.83941971,-0.03432
2471679.83991996,-0.059488
2471680.8404202103,0.002288
2471681.8409204604,-0.043472
2471682.8414207106,0.004576
2471683.8419209607,0.006864
2471684.842421211,-0.004576
2471685.8429214605,-0.03432
2471686.8434217107,-0.03432
2471687.843921961,-0.009152
2471688.844422211,0.009152
2471689.844922461,-0.016016
2471690.845422711,0.018304
2471691.8459229614,-0.027456
2471692.8464232115,-0.036608
2471693.8469234616,0.009152
2471694.847423712,0.006864
2471695.847923962,-0.029744
2471696.848424212,0.020592
2471697.848924462,-0.016016
2471698.8494247124,0.01144
2471699.8499249625,-0.0572
2471700.8504252126,-0.020592
2471701.850925463,-0.013728
2471702.851425713,0.004576
2471703.851925963,-0.025168
2471704.852426213,0.002288
2471705.8529264634,-0.02288
2471706.8534267135,-0.032032
2471707.8539269636,-0.02288
2471708.854427214,-0.013728
2471709.854927464,-0.061776
2471710.855427714,0.013728
2471711.855927964,-0.043472
2471712.856428214,-0.041184
2471713.856928464,-0.020592
2471714.857428714,-0.002288
2471715.8579289643,-0.027456
2471716.8584292145,-0.01144
2471717.8589294646,0.013728
2471718.8594297147,0.006864
2471719.859929965,-0.041184
2471720.860430215,-0.025168
2471721.860930465,-0.073216
2471722.8614307153,-0.029744
2471723.8619309654,-0.043472
2471724.8624312156,-0.018304
2471725.8629314657,-0.013728
2471726.863431716,0.
2471727.863931966,0.006864
2471728.864432216,-0.02288
2471729.8649324663,-0.006864
2471730.8654327164,0.
2471731.8659329666,-0.01144
2471732.8664332167,-0.006864
2471733.866933467,0.016016
2471734.867433717,-0.016016
2471735.867933967,-0.066352
2471736.8684342173,-0.002288
2471737.8689344674,-0.004576
2471738.8694347176,-0.018304
2471739.8699349673,0.002288
2471740.8704352174,-0.013728
2471741.8709354675,-0.002288
2471742.8714357177,-0.020592
2471743.871935968,-0.02288
2471744.872436218,-0.009152
2471745.872936468,-0.050336
2471746.8734367182,-0.027456
2471747.8739369684,-0.03432
2471748.8744372185,-0.013728
2471749.8749374687,-0.077792
2471750.875437719,-0.059488
2471751.875937969,-0.025168
2471752.876438219,0.
2471753.8769384692,0.006864
2471754.8774387194,-0.018304
2471755.8779389695,0.03432
2471756.8784392197,-0.002288
2471757.87893947,0.002288
2471758.87943972,-0.02288
2471759.87993997,-0.043472
2471760.8804402202,-0.018304
2471761.8809404704,0.01144
2471762.8814407205,0.
2471763.8819409707,-0.006864
2471764.882441221,0.006864
2471765.882941471,0.025168
2471766.883441721,0.006864
2471767.8839419708,0.009152
2471768.884442221,-0.002288
2471769.884942471,-0.048048
2471770.885442721,0.009152
2471771.8859429713,-0.020592
2471772.8864432215,-0.0572
2471773.8869434716,0.009152
2471774.8874437218,0.
2471775.887943972,-0.029744
2471776.888444222,-0.027456
2471777.888944472,-0.050336
2471778.8894447223,-0.02288
2471779.8899449725,0.041184
2471780.8904452226,-0.029744
2471781.8909454728,0.002288
2471782.891445723,-0.038896
2471783.891945973,-0.01144
2471784.892446223,-0.048048
2471785.8929464733,0.009152
2471786.8934467235,-0.043472
2471787.8939469736,-0.01144
2471788.8944472237,-0.041184
2471789.894947474,-0.018304
2471790.895447724,-0.06864
2471791.895947974,-0.029744
2471792.8964482243,0.
2471793.8969484745,0.02288
2471794.897448724,-0.018304
2471795.8979489743,-0.02288
2471796.8984492244,0.
2471797.8989494746,0.
2471798.8994497247,-0.009152
2471799.899949975,-0.03432
2471800.900450225,0.
2471801.900950475,0.006864
2471802.9014507253,-0.002288
2471803.9019509754,-0.054912
2471804.9024512256,-0.03432
2471805.9029514757,-0.002288
2471806.903451726,-0.018304
2471807.903951976,-0.016016
2471808.904452226,-0.093808
2471809.9049524763,-0.009152
2471810.9054527264,-0.025168
2471811.9059529766,-0.03432
2471812.9064532267,-0.020592
2471813.906953477,-0.12584
2471814.907453727,-0.002288
2471815.907953977,0.009152
2471816.9084542273,-0.013728
2471817.9089544774,0.01144
2471818.9094547275,-0.002288
2471819.9099549777,-0.093808
2471820.910455228,-0.004576
2471821.910955478,-0.032032
2471822.9114557276,-0.02288
2471823.911955978,-0.041184
2471824.912456228,-0.029744
2471825.912956478,0.006864
2471826.913456728,-0.006864
2471827.9139569784,-0.048048
2471828.9144572285,-0.013728
2471829.9149574786,-0.009152
2471830.915457729,0.
2471831.915957979,-0.018304
2471832.916458229,0.020592
2471833.916958479,0.009152
2471834.9174587294,0.002288
2471835.9179589795,-0.020592
2471836.9184592296,0.01144
2471837.91895948,-0.016016
2471838.91945973,-0.06864
2471839.91995998,-0.004576
2471840.92046023,-0.016016
2471841.9209604803,-0.020592
2471842.9214607305,-0.01144
2471843.9219609806,0.027456
2471844.922461231,0.036608
2471845.922961481,0.03432
2471846.923461731,0.013728
2471847.923961981,-0.04576
2471848.9244622313,-0.025168
2471849.924962481,-0.036608
2471850.925462731,-0.09152
2471851.9259629813,-0.050336
2471852.9264632314,-0.036608
2471853.9269634816,0.032032
2471854.9274637317,-0.018304
2471855.927963982,-0.03432
2471856.928464232,-0.032032
2471857.928964482,-0.01144
2471858.9294647323,0.006864
2471859.9299649824,-0.004576
2471860.9304652326,0.016016
2471861.9309654827,-0.016016
2471862.931465733,0.027456
2471863.931965983,-0.086944
2471864.932466233,0.
2471865.9329664833,-0.048048
2471866.9334667334,-0.002288
2471867.9339669836,-0.02288
2471868.9344672337,-0.036608
2471869.934967484,0.004576
2471870.935467734,-0.061776
2471871.935967984,-0.041184
2471872.9364682343,0.016016
2471873.9369684844,-0.038896
2471874.9374687346,-0.009152
2471875.9379689847,-0.066352
2471876.9384692344,0.009152
2471877.9389694845,-0.025168
2471878.9394697347,0.004576
2471879.939969985,-0.043472
2471880.940470235,0.009152
2471881.940970485,-0.013728
2471882.9414707352,-0.050336
2471883.9419709854,-0.009152
2471884.9424712355,-0.020592
2471885.9429714857,-0.018304
2471886.943471736,-0.016016
2471887.943971986,-0.03432
2471888.944472236,-0.02288
2471889.9449724862,-0.04576
2471890.9454727364,0.032032
2471891.9459729865,-0.020592
2471892.9464732367,-0.029744
2471893.946973487,0.036608
2471894.947473737,-0.036608
2471895.947973987,0.043472
2471896.948474237,-0.070928
2471897.9489744874,-0.04576
2471898.9494747375,-0.036608
2471899.9499749877,-0.04576
2471900.950475238,-0.029744
2471901.950975488,-0.020592
2471902.951475738,0.002288
2471903.951975988,-0.002288
2471904.952476238,0.018304
2471905.952976488,-0.0572
2471906.953476738,-0.029744
2471907.9539769883,0.01144
2471908.9544772385,-0.059488
2471909.9549774886,-0.038896
2471910.9554777388,-0.016016
2471911.955977989,-0.04576
2471912.956478239,-0.009152
2471913.956978489,-0.027456
2471914.9574787393,-0.009152
2471915.9579789895,-0.018304
2471916.9584792396,-0.013728
2471917.9589794897,-0.036608
2471918.95947974,-0.006864
2471919.95997999,-0.027456
2471920.96048024,-0.016016
2471921.9609804903,-0.027456
2471922.9614807405,-0.006864
2471923.9619809906,-0.01144
2471924.9624812407,0.025168
2471925.962981491,-0.018304
2471926.963481741,-0.025168
2471927.963981991,-0.032032
2471928.9644822413,-0.016016
2471929.9649824915,-0.013728
2471930.9654827416,0.006864
2471931.9659829913,-0.041184
2471932.9664832414,-0.006864
2471933.9669834916,-0.054912
2471934.9674837417,-0.016016
2471935.967983992,-0.038896
2471936.968484242,0.004576
2471937.968984492,-0.043472
2471938.9694847423,-0.009152
2471939.9699849924,0.004576
2471940.9704852425,-0.02288
2471941.9709854927,-0.020592
2471942.971485743,0.043472
2471943.971985993,0.009152
2471944.972486243,-0.01144
2471945.9729864933,-0.041184
2471946.9734867434,0.009152
2471947.9739869935,0.01144
2471948.9744872437,0.002288
2471949.974987494,0.002288
2471950.975487744,-0.073216
2471951.975987994,0.002288
2471952.9764882443,-0.009152
2471953.9769884944,0.
2471954.9774887445,-0.013728
2471955.9779889947,-0.020592
2471956.978489245,-0.043472
2471957.978989495,-0.073216
2471958.9794897446,-0.032032
2471959.979989995,-0.016016
2471960.980490245,-0.041184
2471961.980990495,-0.054912
2471962.981490745,0.027456
2471963.9819909954,-0.009152
2471964.9824912455,0.01144
2471965.9829914956,-0.01144
2471966.983491746,-0.01144
2471967.983991996,-0.018304
2471968.984492246,-0.020592
2471969.984992496,-0.066352
2471970.9854927463,-0.016016
2471971.9859929965,0.01144
2471972.9864932466,0.02288
2471973.986993497,-0.073216
2471974.987493747,0.018304
2471975.987993997,-0.032032
2471976.988494247,-0.018304
2471977.9889944973,-0.029744
2471978.9894947475,0.006864
2471979.9899949976,-0.020592
2471980.9904952478,-0.03432
2471981.990995498,-0.02288
2471982.991495748,-0.052624
2471983.991995998,-0.013728
2471984.9924962483,0.016016
2471985.9929964985,-0.038896
2471986.993496748,0.018304
2471987.9939969983,-0.006864
2471988.9944972484,-0.027456
2471989.9949974986,-0.013728
2471990.9954977487,-0.006864
2471991.995997999,-0.070928
2471992.996498249,-0.006864
2471993.996998499,-0.016016
2471994.9974987493,0.018304
2471995.9979989994,-0.009152
2471996.9984992496,0.004576
2471997.9989994997,-0.02288
2471998.99949975,-0.066352
2472000.,-0.059488
